prompt PL/SQL Developer import file
prompt Created on 2009年8月11日 by Administrator
set feedback off
set define off

prompt Disabling foreign key constraints for PERA_DDH_TOOL...
alter table PERA_DDH_TOOL disable constraint FK_TOOL_SCRIPT;
alter table PERA_DDH_TOOL disable constraint FK_TOOL_TOOLICON;
prompt Disabling foreign key constraints for PERA_DDH_CMDLINE_ITEM...
alter table PERA_DDH_CMDLINE_ITEM disable constraint FK_CMDLINE_ITEM_TOOL;
prompt Disabling foreign key constraints for PERA_DDH_DEPLOYMENTVAR...
alter table PERA_DDH_DEPLOYMENTVAR disable constraint FK_DEPLOYMENTVAR_TOOL;
prompt Disabling foreign key constraints for PERA_DDH_FILETYPEMETADATA...
alter table PERA_DDH_FILETYPEMETADATA disable constraint FK_FILETYPEMETADATA_FILETYPE;
prompt Disabling foreign key constraints for PERA_DDH_TOOL_FILETYPE...
alter table PERA_DDH_TOOL_FILETYPE disable constraint FK_TOOL_FILETYPE_F_FILETYPE;
alter table PERA_DDH_TOOL_FILETYPE disable constraint FK_TOOL_FILETYPE_F_TOOL;
prompt Loading PERA_DDH_SCRIPT...
insert into PERA_DDH_SCRIPT (PK_SCRIPT_ID, VALUE, VERSION)
values (44574, 'var CATIA = WScript.GetObject("","CATIA.Application");' || chr(13) || '' || chr(10) || 'if(CATIA == null)' || chr(13) || '' || chr(10) || '{' || chr(13) || '' || chr(10) || 'CATIA = WScript.CreateObject("CATIA.Application");' || chr(13) || '' || chr(10) || '}' || chr(13) || '' || chr(10) || 'CATIA.Visible = true;' || chr(13) || '' || chr(10) || 'var path = $[DATAFULLPATH]$;' || chr(13) || '' || chr(10) || 'CATIA.Documents.Open(path);', 1);
insert into PERA_DDH_SCRIPT (PK_SCRIPT_ID, VALUE, VERSION)
values (49486, 'var wb = new ActiveXObject("AnsysWB.WB.110");' || chr(13) || '' || chr(10) || 'wb.Run(false);' || chr(13) || '' || chr(10) || 'wb.AppletList.ActivateApplet("StartPage");' || chr(13) || '' || chr(10) || 'var spoScript = wb.AppletList.Applet("StartPage").App.Script;' || chr(13) || '' || chr(10) || 'spoScript.doNewEmptySimulation();' || chr(13) || '' || chr(10) || 'wb.AppletList.ActivateApplet("DSApplet");' || chr(13) || '' || chr(10) || 'var ds = wb.AppletList.Applet("DSApplet").App;' || chr(13) || '' || chr(10) || 'var plugInFileStr ="";' || chr(13) || '' || chr(10) || 'var cadFilePath = $[DATAFULLPATH]$;' || chr(13) || '' || chr(10) || 'var dsBranchObj = ds.Tree.FirstActiveBranch;' || chr(13) || '' || chr(10) || 'spoScript.attachGeomFromDS(plugInFileStr, cadFilePath, dsBranchObj);', 0);
insert into PERA_DDH_SCRIPT (PK_SCRIPT_ID, VALUE, VERSION)
values (49485, 'var wb = new ActiveXObject("AnsysWB.WB.110");' || chr(13) || '' || chr(10) || 'wb.Run(false);' || chr(13) || '' || chr(10) || 'wb.AppletList.ActivateApplet("StartPage");' || chr(13) || '' || chr(10) || 'spoScript = wb.AppletList.Applet("StartPage").App.Script;' || chr(13) || '' || chr(10) || 'spoScript.doNewEmptyGeometry();' || chr(13) || '' || chr(10) || 'wb.AppletList.ActivateApplet("AGApplet");' || chr(13) || '' || chr(10) || 'var ag = wb.AppletList.Applet("AGApplet").App;' || chr(13) || '' || chr(10) || 'var path = $[DATAFULLPATH]$;' || chr(13) || '' || chr(10) || 'ag.script.agMenuFileImport(path);' || chr(13) || '' || chr(10) || 'ag.script.agGenerate();//重新生成', 2);
insert into PERA_DDH_SCRIPT (PK_SCRIPT_ID, VALUE, VERSION)
values (249606, 'var CATIA = WScript.GetObject("","CATIA.Application");' || chr(13) || '' || chr(10) || 'if(CATIA == null)' || chr(13) || '' || chr(10) || '{' || chr(13) || '' || chr(10) || 'CATIA = WScript.CreateObject("CATIA.Application");' || chr(13) || '' || chr(10) || '}' || chr(13) || '' || chr(10) || 'CATIA.Visible = true;' || chr(13) || '' || chr(10) || 'var path = $[DATAFULLPATH]$;' || chr(13) || '' || chr(10) || 'CATIA.Documents.Open(path);' || chr(13) || '' || chr(10) || '', 0);
commit;
prompt 4 records loaded
prompt Loading PERA_DDH_TOOL...
insert into PERA_DDH_TOOL (PK_TOOL_ID, CODE, NAME, INVOKER, DESCRIPTION, FK_TOOLICON_ID, FK_SCRIPT_ID, VERSION, SOFTWAREID, SOFTWARENAME, CLIENTDESCRIPTION)
values (44943, 'ABAQUS', 'ABAQUS', 'InvokeApplication', null, null, null, 7, null, null, null);
insert into PERA_DDH_TOOL (PK_TOOL_ID, CODE, NAME, INVOKER, DESCRIPTION, FK_TOOLICON_ID, FK_SCRIPT_ID, VERSION, SOFTWAREID, SOFTWARENAME, CLIENTDESCRIPTION)
values (45379, 'WORDPAD', 'WORDPAD', 'InvokeApplication', null, null, null, 5, null, null, null);
insert into PERA_DDH_TOOL (PK_TOOL_ID, CODE, NAME, INVOKER, DESCRIPTION, FK_TOOLICON_ID, FK_SCRIPT_ID, VERSION, SOFTWAREID, SOFTWARENAME, CLIENTDESCRIPTION)
values (45179, 'NOTEPAD', 'NOTEPAD', 'InvokeApplication', null, null, null, 8, null, null, null);
insert into PERA_DDH_TOOL (PK_TOOL_ID, CODE, NAME, INVOKER, DESCRIPTION, FK_TOOLICON_ID, FK_SCRIPT_ID, VERSION, SOFTWAREID, SOFTWARENAME, CLIENTDESCRIPTION)
values (45715, 'UE', 'UE', 'InvokeApplication', null, null, null, 2, null, null, null);
insert into PERA_DDH_TOOL (PK_TOOL_ID, CODE, NAME, INVOKER, DESCRIPTION, FK_TOOLICON_ID, FK_SCRIPT_ID, VERSION, SOFTWAREID, SOFTWARENAME, CLIENTDESCRIPTION)
values (45122, 'PAINT', 'PAINT', 'InvokeApplication', null, null, null, 5, null, null, null);
insert into PERA_DDH_TOOL (PK_TOOL_ID, CODE, NAME, INVOKER, DESCRIPTION, FK_TOOLICON_ID, FK_SCRIPT_ID, VERSION, SOFTWAREID, SOFTWARENAME, CLIENTDESCRIPTION)
values (45154, 'CALC', 'CALC', 'InvokeApplication', null, null, null, 2, null, null, null);
insert into PERA_DDH_TOOL (PK_TOOL_ID, CODE, NAME, INVOKER, DESCRIPTION, FK_TOOLICON_ID, FK_SCRIPT_ID, VERSION, SOFTWAREID, SOFTWARENAME, CLIENTDESCRIPTION)
values (45466, 'CAXMan', 'CAXMan', 'InvokeApplication', null, null, null, 0, null, null, null);
insert into PERA_DDH_TOOL (PK_TOOL_ID, CODE, NAME, INVOKER, DESCRIPTION, FK_TOOLICON_ID, FK_SCRIPT_ID, VERSION, SOFTWAREID, SOFTWARENAME, CLIENTDESCRIPTION)
values (47876, 'ANSYSDS', 'ANSYSDS', 'InvokeApplication', null, null, 49486, 2, null, null, null);
insert into PERA_DDH_TOOL (PK_TOOL_ID, CODE, NAME, INVOKER, DESCRIPTION, FK_TOOLICON_ID, FK_SCRIPT_ID, VERSION, SOFTWAREID, SOFTWARENAME, CLIENTDESCRIPTION)
values (48173, 'SIMETRIX', 'SIMETRIX', 'InvokeApplication', null, null, null, 2, null, null, null);
insert into PERA_DDH_TOOL (PK_TOOL_ID, CODE, NAME, INVOKER, DESCRIPTION, FK_TOOLICON_ID, FK_SCRIPT_ID, VERSION, SOFTWAREID, SOFTWARENAME, CLIENTDESCRIPTION)
values (47880, 'PROE', 'PROE', 'InvokeApplication', null, null, null, 10, null, null, null);
insert into PERA_DDH_TOOL (PK_TOOL_ID, CODE, NAME, INVOKER, DESCRIPTION, FK_TOOLICON_ID, FK_SCRIPT_ID, VERSION, SOFTWAREID, SOFTWARENAME, CLIENTDESCRIPTION)
values (47874, 'ANSYSDM', 'ANSYSDM', 'InvokeApplication', null, null, 49485, 2, null, null, null);
insert into PERA_DDH_TOOL (PK_TOOL_ID, CODE, NAME, INVOKER, DESCRIPTION, FK_TOOLICON_ID, FK_SCRIPT_ID, VERSION, SOFTWAREID, SOFTWARENAME, CLIENTDESCRIPTION)
values (44544, 'WORD', 'WORD', 'InvokeApplication', null, null, null, 6, null, null, null);
insert into PERA_DDH_TOOL (PK_TOOL_ID, CODE, NAME, INVOKER, DESCRIPTION, FK_TOOLICON_ID, FK_SCRIPT_ID, VERSION, SOFTWAREID, SOFTWARENAME, CLIENTDESCRIPTION)
values (46341, 'VC', 'VC', 'InvokeApplication', null, null, null, 3, null, null, null);
insert into PERA_DDH_TOOL (PK_TOOL_ID, CODE, NAME, INVOKER, DESCRIPTION, FK_TOOLICON_ID, FK_SCRIPT_ID, VERSION, SOFTWAREID, SOFTWARENAME, CLIENTDESCRIPTION)
values (45216, 'EXCEL', 'EXCEL', 'InvokeApplication', null, null, null, 3, null, null, null);
insert into PERA_DDH_TOOL (PK_TOOL_ID, CODE, NAME, INVOKER, DESCRIPTION, FK_TOOLICON_ID, FK_SCRIPT_ID, VERSION, SOFTWAREID, SOFTWARENAME, CLIENTDESCRIPTION)
values (45436, 'PPT', 'PPT', 'InvokeApplication', '客户端描述', null, null, 3, null, null, null);
insert into PERA_DDH_TOOL (PK_TOOL_ID, CODE, NAME, INVOKER, DESCRIPTION, FK_TOOLICON_ID, FK_SCRIPT_ID, VERSION, SOFTWAREID, SOFTWARENAME, CLIENTDESCRIPTION)
values (242656, 'LSDYNA', 'LSDYNA', 'InvokeApplication', null, null, null, 2, null, null, null);
insert into PERA_DDH_TOOL (PK_TOOL_ID, CODE, NAME, INVOKER, DESCRIPTION, FK_TOOLICON_ID, FK_SCRIPT_ID, VERSION, SOFTWAREID, SOFTWARENAME, CLIENTDESCRIPTION)
values (243894, 'HYPERVIEW', 'HYPERVIEW', 'InvokeApplication', null, null, null, 4, null, null, null);
insert into PERA_DDH_TOOL (PK_TOOL_ID, CODE, NAME, INVOKER, DESCRIPTION, FK_TOOLICON_ID, FK_SCRIPT_ID, VERSION, SOFTWAREID, SOFTWARENAME, CLIENTDESCRIPTION)
values (242631, 'FORTRAN', 'FORTRAN', 'InvokeApplication', null, null, null, 2, null, null, null);
insert into PERA_DDH_TOOL (PK_TOOL_ID, CODE, NAME, INVOKER, DESCRIPTION, FK_TOOLICON_ID, FK_SCRIPT_ID, VERSION, SOFTWAREID, SOFTWARENAME, CLIENTDESCRIPTION)
values (242671, 'MARC', 'MARC', 'InvokeApplication', null, null, null, 1, null, null, null);
insert into PERA_DDH_TOOL (PK_TOOL_ID, CODE, NAME, INVOKER, DESCRIPTION, FK_TOOLICON_ID, FK_SCRIPT_ID, VERSION, SOFTWAREID, SOFTWARENAME, CLIENTDESCRIPTION)
values (252687, 'CFX', 'CFX', 'InvokeApplication', null, null, null, 2, null, null, null);
insert into PERA_DDH_TOOL (PK_TOOL_ID, CODE, NAME, INVOKER, DESCRIPTION, FK_TOOLICON_ID, FK_SCRIPT_ID, VERSION, SOFTWAREID, SOFTWARENAME, CLIENTDESCRIPTION)
values (249591, 'CATIA', 'CATIA', 'InvokeApplication', null, null, 249606, 4, null, null, '客户端描述1客户端描述2客户端描述3客户端描述4客户端描述5');
insert into PERA_DDH_TOOL (PK_TOOL_ID, CODE, NAME, INVOKER, DESCRIPTION, FK_TOOLICON_ID, FK_SCRIPT_ID, VERSION, SOFTWAREID, SOFTWARENAME, CLIENTDESCRIPTION)
values (252702, 'SOLIDWORKS', 'SOLIDWORKS', 'InvokeApplication', null, null, null, 2, null, null, null);
insert into PERA_DDH_TOOL (PK_TOOL_ID, CODE, NAME, INVOKER, DESCRIPTION, FK_TOOLICON_ID, FK_SCRIPT_ID, VERSION, SOFTWAREID, SOFTWARENAME, CLIENTDESCRIPTION)
values (252706, 'FEKO', 'FEKO', 'InvokeApplication', null, null, null, 1, null, null, null);
insert into PERA_DDH_TOOL (PK_TOOL_ID, CODE, NAME, INVOKER, DESCRIPTION, FK_TOOLICON_ID, FK_SCRIPT_ID, VERSION, SOFTWAREID, SOFTWARENAME, CLIENTDESCRIPTION)
values (252710, 'MATHCAD', 'MATHCAD', 'InvokeApplication', null, null, null, 2, null, null, null);
insert into PERA_DDH_TOOL (PK_TOOL_ID, CODE, NAME, INVOKER, DESCRIPTION, FK_TOOLICON_ID, FK_SCRIPT_ID, VERSION, SOFTWAREID, SOFTWARENAME, CLIENTDESCRIPTION)
values (249213, 'VB', 'VB', 'InvokeApplication', null, null, null, 5, null, null, null);
insert into PERA_DDH_TOOL (PK_TOOL_ID, CODE, NAME, INVOKER, DESCRIPTION, FK_TOOLICON_ID, FK_SCRIPT_ID, VERSION, SOFTWAREID, SOFTWARENAME, CLIENTDESCRIPTION)
values (249231, 'ANSYS', 'ANSYS', 'InvokeApplication', null, null, null, 3, null, null, null);
insert into PERA_DDH_TOOL (PK_TOOL_ID, CODE, NAME, INVOKER, DESCRIPTION, FK_TOOLICON_ID, FK_SCRIPT_ID, VERSION, SOFTWAREID, SOFTWARENAME, CLIENTDESCRIPTION)
values (249243, 'NASTRAN', 'NASTRAN', 'InvokeApplication', null, null, null, 1, null, null, null);
insert into PERA_DDH_TOOL (PK_TOOL_ID, CODE, NAME, INVOKER, DESCRIPTION, FK_TOOLICON_ID, FK_SCRIPT_ID, VERSION, SOFTWAREID, SOFTWARENAME, CLIENTDESCRIPTION)
values (251981, 'MATLAB', 'MATLAB', 'InvokeApplication', null, null, null, 4, null, null, null);
insert into PERA_DDH_TOOL (PK_TOOL_ID, CODE, NAME, INVOKER, DESCRIPTION, FK_TOOLICON_ID, FK_SCRIPT_ID, VERSION, SOFTWAREID, SOFTWARENAME, CLIENTDESCRIPTION)
values (255484, '55', '55', 'InvokeApplication', null, null, null, 0, null, null, null);
insert into PERA_DDH_TOOL (PK_TOOL_ID, CODE, NAME, INVOKER, DESCRIPTION, FK_TOOLICON_ID, FK_SCRIPT_ID, VERSION, SOFTWAREID, SOFTWARENAME, CLIENTDESCRIPTION)
values (249194, 'HYPERMESH', 'HYPERMESH', 'InvokeApplication', null, null, null, 3, null, null, null);
insert into PERA_DDH_TOOL (PK_TOOL_ID, CODE, NAME, INVOKER, DESCRIPTION, FK_TOOLICON_ID, FK_SCRIPT_ID, VERSION, SOFTWAREID, SOFTWARENAME, CLIENTDESCRIPTION)
values (249248, 'PATRAN', 'PATRAN', 'InvokeApplication', null, null, null, 1, null, null, null);
insert into PERA_DDH_TOOL (PK_TOOL_ID, CODE, NAME, INVOKER, DESCRIPTION, FK_TOOLICON_ID, FK_SCRIPT_ID, VERSION, SOFTWAREID, SOFTWARENAME, CLIENTDESCRIPTION)
values (252698, 'SOLIDEDGE', 'SOLIDEDGE', 'InvokeApplication', null, null, null, 2, null, null, null);
commit;
prompt 32 records loaded
prompt Loading PERA_DDH_CMDLINE_ITEM...
insert into PERA_DDH_CMDLINE_ITEM (PK_COMMANDLINEITEM_ID, LINE_INDEX, TYPE, VALUE, FK_TOOL_ID, VERSION)
values (45155, 0, 'DEPLOYEMENTVAR', '$[EXEFULLPATH]$', 45154, 0);
insert into PERA_DDH_CMDLINE_ITEM (PK_COMMANDLINEITEM_ID, LINE_INDEX, TYPE, VALUE, FK_TOOL_ID, VERSION)
values (243908, 0, 'DEPLOYEMENTVAR', '$[EXEFULLPATH]$', 243894, 0);
insert into PERA_DDH_CMDLINE_ITEM (PK_COMMANDLINEITEM_ID, LINE_INDEX, TYPE, VALUE, FK_TOOL_ID, VERSION)
values (243909, 1, 'DEPLOYEMENTVAR', '$[DATAFULLPATH]$', 243894, 0);
insert into PERA_DDH_CMDLINE_ITEM (PK_COMMANDLINEITEM_ID, LINE_INDEX, TYPE, VALUE, FK_TOOL_ID, VERSION)
values (45380, 0, 'DEPLOYEMENTVAR', '$[EXEFULLPATH]$', 45379, 0);
insert into PERA_DDH_CMDLINE_ITEM (PK_COMMANDLINEITEM_ID, LINE_INDEX, TYPE, VALUE, FK_TOOL_ID, VERSION)
values (45381, 1, 'DEPLOYEMENTVAR', '$[DATAFULLPATH]$', 45379, 0);
insert into PERA_DDH_CMDLINE_ITEM (PK_COMMANDLINEITEM_ID, LINE_INDEX, TYPE, VALUE, FK_TOOL_ID, VERSION)
values (45156, 1, 'DEPLOYEMENTVAR', '$[DATAFULLPATH]$', 45154, 0);
insert into PERA_DDH_CMDLINE_ITEM (PK_COMMANDLINEITEM_ID, LINE_INDEX, TYPE, VALUE, FK_TOOL_ID, VERSION)
values (45296, 0, 'DEPLOYEMENTVAR', '$[EXEFULLPATH]$', 45216, 0);
insert into PERA_DDH_CMDLINE_ITEM (PK_COMMANDLINEITEM_ID, LINE_INDEX, TYPE, VALUE, FK_TOOL_ID, VERSION)
values (45297, 1, 'DEPLOYEMENTVAR', '$[DATAFULLPATH]$', 45216, 0);
insert into PERA_DDH_CMDLINE_ITEM (PK_COMMANDLINEITEM_ID, LINE_INDEX, TYPE, VALUE, FK_TOOL_ID, VERSION)
values (45716, 0, 'DEPLOYEMENTVAR', '$[EXEFULLPATH]$', 45715, 0);
insert into PERA_DDH_CMDLINE_ITEM (PK_COMMANDLINEITEM_ID, LINE_INDEX, TYPE, VALUE, FK_TOOL_ID, VERSION)
values (45717, 1, 'DEPLOYEMENTVAR', '$[DATAFULLPATH]$', 45715, 0);
insert into PERA_DDH_CMDLINE_ITEM (PK_COMMANDLINEITEM_ID, LINE_INDEX, TYPE, VALUE, FK_TOOL_ID, VERSION)
values (46371, 0, 'DEPLOYEMENTVAR', '$[EXEFULLPATH]$', 46341, 0);
insert into PERA_DDH_CMDLINE_ITEM (PK_COMMANDLINEITEM_ID, LINE_INDEX, TYPE, VALUE, FK_TOOL_ID, VERSION)
values (46372, 1, 'DEPLOYEMENTVAR', '$[DATAFULLPATH]$', 46341, 0);
insert into PERA_DDH_CMDLINE_ITEM (PK_COMMANDLINEITEM_ID, LINE_INDEX, TYPE, VALUE, FK_TOOL_ID, VERSION)
values (45377, 0, 'DEPLOYEMENTVAR', '$[EXEFULLPATH]$', 45179, 0);
insert into PERA_DDH_CMDLINE_ITEM (PK_COMMANDLINEITEM_ID, LINE_INDEX, TYPE, VALUE, FK_TOOL_ID, VERSION)
values (45378, 1, 'DEPLOYEMENTVAR', '$[DATAFULLPATH]$', 45179, 0);
insert into PERA_DDH_CMDLINE_ITEM (PK_COMMANDLINEITEM_ID, LINE_INDEX, TYPE, VALUE, FK_TOOL_ID, VERSION)
values (45284, 0, 'DEPLOYEMENTVAR', '$[EXEFULLPATH]$', 45122, 0);
insert into PERA_DDH_CMDLINE_ITEM (PK_COMMANDLINEITEM_ID, LINE_INDEX, TYPE, VALUE, FK_TOOL_ID, VERSION)
values (45285, 1, 'DEPLOYEMENTVAR', '$[DATAFULLPATH]$', 45122, 0);
insert into PERA_DDH_CMDLINE_ITEM (PK_COMMANDLINEITEM_ID, LINE_INDEX, TYPE, VALUE, FK_TOOL_ID, VERSION)
values (45437, 0, 'DEPLOYEMENTVAR', '$[EXEFULLPATH]$', 45436, 0);
insert into PERA_DDH_CMDLINE_ITEM (PK_COMMANDLINEITEM_ID, LINE_INDEX, TYPE, VALUE, FK_TOOL_ID, VERSION)
values (45438, 1, 'DEPLOYEMENTVAR', '$[DATAFULLPATH]$', 45436, 0);
insert into PERA_DDH_CMDLINE_ITEM (PK_COMMANDLINEITEM_ID, LINE_INDEX, TYPE, VALUE, FK_TOOL_ID, VERSION)
values (242664, 0, 'DEPLOYEMENTVAR', '$[EXEFULLPATH]$', 242656, 0);
insert into PERA_DDH_CMDLINE_ITEM (PK_COMMANDLINEITEM_ID, LINE_INDEX, TYPE, VALUE, FK_TOOL_ID, VERSION)
values (242665, 1, null, 'i', 242656, 0);
insert into PERA_DDH_CMDLINE_ITEM (PK_COMMANDLINEITEM_ID, LINE_INDEX, TYPE, VALUE, FK_TOOL_ID, VERSION)
values (242666, 2, null, '=', 242656, 0);
insert into PERA_DDH_CMDLINE_ITEM (PK_COMMANDLINEITEM_ID, LINE_INDEX, TYPE, VALUE, FK_TOOL_ID, VERSION)
values (242667, 3, 'DEPLOYEMENTVAR', '$[DATAFULLPATH]$', 242656, 0);
insert into PERA_DDH_CMDLINE_ITEM (PK_COMMANDLINEITEM_ID, LINE_INDEX, TYPE, VALUE, FK_TOOL_ID, VERSION)
values (242597, 0, 'DEPLOYEMENTVAR', '$[EXEFULLPATH]$', 47880, 0);
insert into PERA_DDH_CMDLINE_ITEM (PK_COMMANDLINEITEM_ID, LINE_INDEX, TYPE, VALUE, FK_TOOL_ID, VERSION)
values (242598, 1, 'DEPLOYEMENTVAR', '$[DATAFULLPATH]$', 47880, 0);
insert into PERA_DDH_CMDLINE_ITEM (PK_COMMANDLINEITEM_ID, LINE_INDEX, TYPE, VALUE, FK_TOOL_ID, VERSION)
values (242647, 0, 'DEPLOYEMENTVAR', '$[EXEFULLPATH]$', 242631, 0);
insert into PERA_DDH_CMDLINE_ITEM (PK_COMMANDLINEITEM_ID, LINE_INDEX, TYPE, VALUE, FK_TOOL_ID, VERSION)
values (242648, 1, 'DEPLOYEMENTVAR', '$[DATAFULLPATH]$', 242631, 0);
insert into PERA_DDH_CMDLINE_ITEM (PK_COMMANDLINEITEM_ID, LINE_INDEX, TYPE, VALUE, FK_TOOL_ID, VERSION)
values (242676, 0, 'DEPLOYEMENTVAR', '$[EXEFULLPATH]$', 242671, 0);
insert into PERA_DDH_CMDLINE_ITEM (PK_COMMANDLINEITEM_ID, LINE_INDEX, TYPE, VALUE, FK_TOOL_ID, VERSION)
values (242677, 1, null, '-ra', 242671, 0);
insert into PERA_DDH_CMDLINE_ITEM (PK_COMMANDLINEITEM_ID, LINE_INDEX, TYPE, VALUE, FK_TOOL_ID, VERSION)
values (242678, 2, 'DEPLOYEMENTVAR', '$[DATAFULLPATH]$', 242671, 0);
insert into PERA_DDH_CMDLINE_ITEM (PK_COMMANDLINEITEM_ID, LINE_INDEX, TYPE, VALUE, FK_TOOL_ID, VERSION)
values (242686, 0, 'DEPLOYEMENTVAR', '$[EXEFULLPATH]$', 48173, 0);
insert into PERA_DDH_CMDLINE_ITEM (PK_COMMANDLINEITEM_ID, LINE_INDEX, TYPE, VALUE, FK_TOOL_ID, VERSION)
values (242687, 1, 'DEPLOYEMENTVAR', '$[DATAFULLPATH]$', 48173, 0);
insert into PERA_DDH_CMDLINE_ITEM (PK_COMMANDLINEITEM_ID, LINE_INDEX, TYPE, VALUE, FK_TOOL_ID, VERSION)
values (242689, 0, 'DEPLOYEMENTVAR', '$[EXEFULLPATH]$', 44544, 0);
insert into PERA_DDH_CMDLINE_ITEM (PK_COMMANDLINEITEM_ID, LINE_INDEX, TYPE, VALUE, FK_TOOL_ID, VERSION)
values (242690, 1, 'DEPLOYEMENTVAR', '$[DATAFULLPATH]$', 44544, 0);
insert into PERA_DDH_CMDLINE_ITEM (PK_COMMANDLINEITEM_ID, LINE_INDEX, TYPE, VALUE, FK_TOOL_ID, VERSION)
values (252711, 0, 'DEPLOYEMENTVAR', '$[EXEFULLPATH]$', 252710, 0);
insert into PERA_DDH_CMDLINE_ITEM (PK_COMMANDLINEITEM_ID, LINE_INDEX, TYPE, VALUE, FK_TOOL_ID, VERSION)
values (252712, 1, 'DEPLOYEMENTVAR', '$[DATAFULLPATH]$', 252710, 0);
insert into PERA_DDH_CMDLINE_ITEM (PK_COMMANDLINEITEM_ID, LINE_INDEX, TYPE, VALUE, FK_TOOL_ID, VERSION)
values (251990, 0, 'DEPLOYEMENTVAR', '$[EXEFULLPATH]$', 251981, 0);
insert into PERA_DDH_CMDLINE_ITEM (PK_COMMANDLINEITEM_ID, LINE_INDEX, TYPE, VALUE, FK_TOOL_ID, VERSION)
values (251991, 1, null, '-r ', 251981, 0);
insert into PERA_DDH_CMDLINE_ITEM (PK_COMMANDLINEITEM_ID, LINE_INDEX, TYPE, VALUE, FK_TOOL_ID, VERSION)
values (251992, 2, null, '"edit', 251981, 0);
insert into PERA_DDH_CMDLINE_ITEM (PK_COMMANDLINEITEM_ID, LINE_INDEX, TYPE, VALUE, FK_TOOL_ID, VERSION)
values (251993, 3, null, '"$[DATAFULLPATH]$""', 251981, 0);
insert into PERA_DDH_CMDLINE_ITEM (PK_COMMANDLINEITEM_ID, LINE_INDEX, TYPE, VALUE, FK_TOOL_ID, VERSION)
values (252688, 0, 'DEPLOYEMENTVAR', '$[EXEFULLPATH]$', 252687, 0);
insert into PERA_DDH_CMDLINE_ITEM (PK_COMMANDLINEITEM_ID, LINE_INDEX, TYPE, VALUE, FK_TOOL_ID, VERSION)
values (252689, 1, null, '-cfx', 252687, 0);
insert into PERA_DDH_CMDLINE_ITEM (PK_COMMANDLINEITEM_ID, LINE_INDEX, TYPE, VALUE, FK_TOOL_ID, VERSION)
values (252690, 2, 'DEPLOYEMENTVAR', '$[DATAFULLPATH]$', 252687, 0);
insert into PERA_DDH_CMDLINE_ITEM (PK_COMMANDLINEITEM_ID, LINE_INDEX, TYPE, VALUE, FK_TOOL_ID, VERSION)
values (252703, 0, 'DEPLOYEMENTVAR', '$[EXEFULLPATH]$', 252702, 0);
insert into PERA_DDH_CMDLINE_ITEM (PK_COMMANDLINEITEM_ID, LINE_INDEX, TYPE, VALUE, FK_TOOL_ID, VERSION)
values (252704, 1, 'DEPLOYEMENTVAR', '$[DATAFULLPATH]$', 252702, 0);
insert into PERA_DDH_CMDLINE_ITEM (PK_COMMANDLINEITEM_ID, LINE_INDEX, TYPE, VALUE, FK_TOOL_ID, VERSION)
values (249235, 0, 'DEPLOYEMENTVAR', '$[EXEFULLPATH]$', 249231, 0);
insert into PERA_DDH_CMDLINE_ITEM (PK_COMMANDLINEITEM_ID, LINE_INDEX, TYPE, VALUE, FK_TOOL_ID, VERSION)
values (249236, 1, null, '-StartPage', 249231, 0);
insert into PERA_DDH_CMDLINE_ITEM (PK_COMMANDLINEITEM_ID, LINE_INDEX, TYPE, VALUE, FK_TOOL_ID, VERSION)
values (249237, 2, 'DEPLOYEMENTVAR', '$[DATAFULLPATH]$', 249231, 0);
insert into PERA_DDH_CMDLINE_ITEM (PK_COMMANDLINEITEM_ID, LINE_INDEX, TYPE, VALUE, FK_TOOL_ID, VERSION)
values (249245, 0, 'DEPLOYEMENTVAR', '$[EXEFULLPATH]$', 249243, 0);
insert into PERA_DDH_CMDLINE_ITEM (PK_COMMANDLINEITEM_ID, LINE_INDEX, TYPE, VALUE, FK_TOOL_ID, VERSION)
values (249246, 1, 'DEPLOYEMENTVAR', '$[DATAFULLPATH]$', 249243, 0);
insert into PERA_DDH_CMDLINE_ITEM (PK_COMMANDLINEITEM_ID, LINE_INDEX, TYPE, VALUE, FK_TOOL_ID, VERSION)
values (255185, 0, 'DEPLOYEMENTVAR', '$[EXEFULLPATH]$', 44943, 0);
insert into PERA_DDH_CMDLINE_ITEM (PK_COMMANDLINEITEM_ID, LINE_INDEX, TYPE, VALUE, FK_TOOL_ID, VERSION)
values (255186, 1, null, 'cae', 44943, 0);
insert into PERA_DDH_CMDLINE_ITEM (PK_COMMANDLINEITEM_ID, LINE_INDEX, TYPE, VALUE, FK_TOOL_ID, VERSION)
values (255187, 2, null, 'database', 44943, 0);
insert into PERA_DDH_CMDLINE_ITEM (PK_COMMANDLINEITEM_ID, LINE_INDEX, TYPE, VALUE, FK_TOOL_ID, VERSION)
values (255188, 3, null, '=', 44943, 0);
insert into PERA_DDH_CMDLINE_ITEM (PK_COMMANDLINEITEM_ID, LINE_INDEX, TYPE, VALUE, FK_TOOL_ID, VERSION)
values (255189, 4, 'DEPLOYEMENTVAR', '$[DATAFULLPATH]$', 44943, 0);
insert into PERA_DDH_CMDLINE_ITEM (PK_COMMANDLINEITEM_ID, LINE_INDEX, TYPE, VALUE, FK_TOOL_ID, VERSION)
values (249203, 0, 'DEPLOYEMENTVAR', '$[EXEFULLPATH]$', 249194, 0);
insert into PERA_DDH_CMDLINE_ITEM (PK_COMMANDLINEITEM_ID, LINE_INDEX, TYPE, VALUE, FK_TOOL_ID, VERSION)
values (249204, 1, null, '-c', 249194, 0);
insert into PERA_DDH_CMDLINE_ITEM (PK_COMMANDLINEITEM_ID, LINE_INDEX, TYPE, VALUE, FK_TOOL_ID, VERSION)
values (249205, 2, 'DEPLOYEMENTVAR', '$[DATAFULLPATH]$', 249194, 0);
insert into PERA_DDH_CMDLINE_ITEM (PK_COMMANDLINEITEM_ID, LINE_INDEX, TYPE, VALUE, FK_TOOL_ID, VERSION)
values (249222, 0, 'DEPLOYEMENTVAR', '$[EXEFULLPATH]$', 249213, 0);
insert into PERA_DDH_CMDLINE_ITEM (PK_COMMANDLINEITEM_ID, LINE_INDEX, TYPE, VALUE, FK_TOOL_ID, VERSION)
values (249223, 1, null, '/run', 249213, 0);
insert into PERA_DDH_CMDLINE_ITEM (PK_COMMANDLINEITEM_ID, LINE_INDEX, TYPE, VALUE, FK_TOOL_ID, VERSION)
values (249224, 2, 'DEPLOYEMENTVAR', '$[DATAFULLPATH]$', 249213, 0);
insert into PERA_DDH_CMDLINE_ITEM (PK_COMMANDLINEITEM_ID, LINE_INDEX, TYPE, VALUE, FK_TOOL_ID, VERSION)
values (249249, 0, 'DEPLOYEMENTVAR', '$[EXEFULLPATH]$', 249248, 0);
insert into PERA_DDH_CMDLINE_ITEM (PK_COMMANDLINEITEM_ID, LINE_INDEX, TYPE, VALUE, FK_TOOL_ID, VERSION)
values (249250, 1, null, '-db', 249248, 0);
insert into PERA_DDH_CMDLINE_ITEM (PK_COMMANDLINEITEM_ID, LINE_INDEX, TYPE, VALUE, FK_TOOL_ID, VERSION)
values (249251, 2, 'DEPLOYEMENTVAR', '$[DATAFULLPATH]$', 249248, 0);
insert into PERA_DDH_CMDLINE_ITEM (PK_COMMANDLINEITEM_ID, LINE_INDEX, TYPE, VALUE, FK_TOOL_ID, VERSION)
values (252699, 0, 'DEPLOYEMENTVAR', '$[EXEFULLPATH]$', 252698, 0);
insert into PERA_DDH_CMDLINE_ITEM (PK_COMMANDLINEITEM_ID, LINE_INDEX, TYPE, VALUE, FK_TOOL_ID, VERSION)
values (252700, 1, 'DEPLOYEMENTVAR', '$[DATAFULLPATH]$', 252698, 0);
insert into PERA_DDH_CMDLINE_ITEM (PK_COMMANDLINEITEM_ID, LINE_INDEX, TYPE, VALUE, FK_TOOL_ID, VERSION)
values (252707, 0, 'DEPLOYEMENTVAR', '$[EXEFULLPATH]$', 252706, 0);
insert into PERA_DDH_CMDLINE_ITEM (PK_COMMANDLINEITEM_ID, LINE_INDEX, TYPE, VALUE, FK_TOOL_ID, VERSION)
values (252708, 1, 'DEPLOYEMENTVAR', '$[DATAFULLPATH]$', 252706, 0);
commit;
prompt 67 records loaded
prompt Loading PERA_DDH_CONFIG...
insert into PERA_DDH_CONFIG (PK_CONFIG_ID, NAME, VALUE, EXTITEM, DESCRIPTION, VERSION)
values (44880, 'emulator', '249231', null, null, 3);
commit;
prompt 1 records loaded
prompt Loading PERA_DDH_DEPLOYMENTVAR...
insert into PERA_DDH_DEPLOYMENTVAR (PK_DEPLOYMENTVAR_ID, NAME, DESCRIPTION, FK_TOOL_ID, VERSION)
values (47841, 'EXEFULLPATH', null, null, 0);
insert into PERA_DDH_DEPLOYMENTVAR (PK_DEPLOYMENTVAR_ID, NAME, DESCRIPTION, FK_TOOL_ID, VERSION)
values (47842, 'DATAFULLPATH', null, null, 0);
insert into PERA_DDH_DEPLOYMENTVAR (PK_DEPLOYMENTVAR_ID, NAME, DESCRIPTION, FK_TOOL_ID, VERSION)
values (47844, 'LOGPATH', null, null, 0);
insert into PERA_DDH_DEPLOYMENTVAR (PK_DEPLOYMENTVAR_ID, NAME, DESCRIPTION, FK_TOOL_ID, VERSION)
values (47845, 'OUTPATH', null, null, 0);
commit;
prompt 4 records loaded
prompt Loading PERA_DDH_FILETYPE...
insert into PERA_DDH_FILETYPE (PK_FILETYPE_ID, NAME, FILEEXTENSION, DESCRIPTION, VERSION, MAINEXTENSION)
values (44885, 'PATRAN', '.db', null, 6, '.db');
insert into PERA_DDH_FILETYPE (PK_FILETYPE_ID, NAME, FILEEXTENSION, DESCRIPTION, VERSION, MAINEXTENSION)
values (45016, 'NASTRAN', '.dat,.bdf', null, 5, '.dat');
insert into PERA_DDH_FILETYPE (PK_FILETYPE_ID, NAME, FILEEXTENSION, DESCRIPTION, VERSION, MAINEXTENSION)
values (45153, 'CALC', null, null, 0, null);
insert into PERA_DDH_FILETYPE (PK_FILETYPE_ID, NAME, FILEEXTENSION, DESCRIPTION, VERSION, MAINEXTENSION)
values (45121, 'PAINT', '.jpg,.bmp', null, 7, '.jpg');
insert into PERA_DDH_FILETYPE (PK_FILETYPE_ID, NAME, FILEEXTENSION, DESCRIPTION, VERSION, MAINEXTENSION)
values (45382, 'WORDPAD', '.rtf', null, 5, '.rtf');
insert into PERA_DDH_FILETYPE (PK_FILETYPE_ID, NAME, FILEEXTENSION, DESCRIPTION, VERSION, MAINEXTENSION)
values (45383, 'NOTEPAD', '.txt', null, 2, '.txt');
insert into PERA_DDH_FILETYPE (PK_FILETYPE_ID, NAME, FILEEXTENSION, DESCRIPTION, VERSION, MAINEXTENSION)
values (45439, 'PPT', '.PPT', null, 2, '.PPT');
insert into PERA_DDH_FILETYPE (PK_FILETYPE_ID, NAME, FILEEXTENSION, DESCRIPTION, VERSION, MAINEXTENSION)
values (45505, 'HYPERMESH', '.hm', null, 2, '.hm');
insert into PERA_DDH_FILETYPE (PK_FILETYPE_ID, NAME, FILEEXTENSION, DESCRIPTION, VERSION, MAINEXTENSION)
values (45714, 'UE', '.xml', null, 1, '.xml');
insert into PERA_DDH_FILETYPE (PK_FILETYPE_ID, NAME, FILEEXTENSION, DESCRIPTION, VERSION, MAINEXTENSION)
values (46330, 'VB', '.vbp,.vbw,.frm', null, 3, '.vbp');
insert into PERA_DDH_FILETYPE (PK_FILETYPE_ID, NAME, FILEEXTENSION, DESCRIPTION, VERSION, MAINEXTENSION)
values (46340, 'VC', '.cpp', null, 1, '.cpp');
insert into PERA_DDH_FILETYPE (PK_FILETYPE_ID, NAME, FILEEXTENSION, DESCRIPTION, VERSION, MAINEXTENSION)
values (47866, 'Ansys', '.wbdb,.db', null, 2, '.wbdb');
insert into PERA_DDH_FILETYPE (PK_FILETYPE_ID, NAME, FILEEXTENSION, DESCRIPTION, VERSION, MAINEXTENSION)
values (47871, 'PROE', '.prt', 'PROE', 20, '.prt');
insert into PERA_DDH_FILETYPE (PK_FILETYPE_ID, NAME, FILEEXTENSION, DESCRIPTION, VERSION, MAINEXTENSION)
values (48175, 'SIMETRIX', '.sxsch', 'SIMETRIXSIMETRIX', 2, '.sxsch');
insert into PERA_DDH_FILETYPE (PK_FILETYPE_ID, NAME, FILEEXTENSION, DESCRIPTION, VERSION, MAINEXTENSION)
values (47869, 'CATIA', '.CATPart', null, 7, '.CATPart');
insert into PERA_DDH_FILETYPE (PK_FILETYPE_ID, NAME, FILEEXTENSION, DESCRIPTION, VERSION, MAINEXTENSION)
values (47867, 'ANSYSDM', '.prt', null, 3, '.prt');
insert into PERA_DDH_FILETYPE (PK_FILETYPE_ID, NAME, FILEEXTENSION, DESCRIPTION, VERSION, MAINEXTENSION)
values (47868, 'ANSYSDS', '.agdb', null, 1, '.agdb');
insert into PERA_DDH_FILETYPE (PK_FILETYPE_ID, NAME, FILEEXTENSION, DESCRIPTION, VERSION, MAINEXTENSION)
values (44946, 'ABAQUS', '.cae', null, 22, '.cae');
insert into PERA_DDH_FILETYPE (PK_FILETYPE_ID, NAME, FILEEXTENSION, DESCRIPTION, VERSION, MAINEXTENSION)
values (45219, 'EXCEL', '.xls', null, 1, '.xls');
insert into PERA_DDH_FILETYPE (PK_FILETYPE_ID, NAME, FILEEXTENSION, DESCRIPTION, VERSION, MAINEXTENSION)
values (242552, 'Fortran', '.txt', null, 1, '.txt');
insert into PERA_DDH_FILETYPE (PK_FILETYPE_ID, NAME, FILEEXTENSION, DESCRIPTION, VERSION, MAINEXTENSION)
values (242565, 'Hyperview', '.mvw', null, 2, '.mvw');
insert into PERA_DDH_FILETYPE (PK_FILETYPE_ID, NAME, FILEEXTENSION, DESCRIPTION, VERSION, MAINEXTENSION)
values (242576, 'LSDYNA', '.k', null, 1, '.k');
insert into PERA_DDH_FILETYPE (PK_FILETYPE_ID, NAME, FILEEXTENSION, DESCRIPTION, VERSION, MAINEXTENSION)
values (242579, 'MARC', '.mud', null, 2, '.mud');
insert into PERA_DDH_FILETYPE (PK_FILETYPE_ID, NAME, FILEEXTENSION, DESCRIPTION, VERSION, MAINEXTENSION)
values (251994, 'MATLAB', '.m', null, 3, '.m');
insert into PERA_DDH_FILETYPE (PK_FILETYPE_ID, NAME, FILEEXTENSION, DESCRIPTION, VERSION, MAINEXTENSION)
values (252679, 'CFX', '.cfx', null, 1, '.cfx');
insert into PERA_DDH_FILETYPE (PK_FILETYPE_ID, NAME, FILEEXTENSION, DESCRIPTION, VERSION, MAINEXTENSION)
values (252701, 'SOLIDWORKS', '.SLDPRT', null, 1, '.SLDPRT');
insert into PERA_DDH_FILETYPE (PK_FILETYPE_ID, NAME, FILEEXTENSION, DESCRIPTION, VERSION, MAINEXTENSION)
values (253234, 'WORD', null, null, 1, null);
insert into PERA_DDH_FILETYPE (PK_FILETYPE_ID, NAME, FILEEXTENSION, DESCRIPTION, VERSION, MAINEXTENSION)
values (255480, '33', null, null, 0, null);
insert into PERA_DDH_FILETYPE (PK_FILETYPE_ID, NAME, FILEEXTENSION, DESCRIPTION, VERSION, MAINEXTENSION)
values (255488, '222', null, null, 0, null);
insert into PERA_DDH_FILETYPE (PK_FILETYPE_ID, NAME, FILEEXTENSION, DESCRIPTION, VERSION, MAINEXTENSION)
values (252705, 'FEKO', '.cfx', null, 1, '.cfx');
insert into PERA_DDH_FILETYPE (PK_FILETYPE_ID, NAME, FILEEXTENSION, DESCRIPTION, VERSION, MAINEXTENSION)
values (252697, 'SOLIDEDGE', '.par,.asm', null, 2, '.par');
insert into PERA_DDH_FILETYPE (PK_FILETYPE_ID, NAME, FILEEXTENSION, DESCRIPTION, VERSION, MAINEXTENSION)
values (252709, 'MATHCAD', '.xmcd,.xmct,.xmcdz', null, 1, '.xmcd');
commit;
prompt 32 records loaded
prompt Loading PERA_DDH_FILETYPEMETADATA...
insert into PERA_DDH_FILETYPEMETADATA (PK_FILETYPEMETADATA_ID, FK_FILETYPE_ID, NAME, METADATATYPE, REMARK, VERSION)
values (243918, 47871, '曲面', '1', null, 0);
insert into PERA_DDH_FILETYPEMETADATA (PK_FILETYPEMETADATA_ID, FK_FILETYPE_ID, NAME, METADATATYPE, REMARK, VERSION)
values (243919, 47871, 'FRONT', '1', null, 0);
insert into PERA_DDH_FILETYPEMETADATA (PK_FILETYPEMETADATA_ID, FK_FILETYPE_ID, NAME, METADATATYPE, REMARK, VERSION)
values (243920, 47871, 'DTM2', '1', null, 0);
insert into PERA_DDH_FILETYPEMETADATA (PK_FILETYPEMETADATA_ID, FK_FILETYPE_ID, NAME, METADATATYPE, REMARK, VERSION)
values (243921, 47871, 'TOP', '1', null, 0);
insert into PERA_DDH_FILETYPEMETADATA (PK_FILETYPEMETADATA_ID, FK_FILETYPE_ID, NAME, METADATATYPE, REMARK, VERSION)
values (243922, 47871, '电源单元发布几何', '1', null, 0);
insert into PERA_DDH_FILETYPEMETADATA (PK_FILETYPEMETADATA_ID, FK_FILETYPE_ID, NAME, METADATATYPE, REMARK, VERSION)
values (242549, 47869, '用户参数', '1', null, 0);
insert into PERA_DDH_FILETYPEMETADATA (PK_FILETYPEMETADATA_ID, FK_FILETYPE_ID, NAME, METADATATYPE, REMARK, VERSION)
values (242550, 47869, '相关公式', '1', null, 0);
commit;
prompt 7 records loaded
prompt Loading PERA_DDH_TOOL_FILETYPE...
insert into PERA_DDH_TOOL_FILETYPE (TOOL_ID, FILETYPE_ID)
values (45154, 45153);
insert into PERA_DDH_TOOL_FILETYPE (TOOL_ID, FILETYPE_ID)
values (44544, 253234);
insert into PERA_DDH_TOOL_FILETYPE (TOOL_ID, FILETYPE_ID)
values (45216, 45219);
insert into PERA_DDH_TOOL_FILETYPE (TOOL_ID, FILETYPE_ID)
values (45715, 45714);
insert into PERA_DDH_TOOL_FILETYPE (TOOL_ID, FILETYPE_ID)
values (45179, 45383);
insert into PERA_DDH_TOOL_FILETYPE (TOOL_ID, FILETYPE_ID)
values (46341, 46340);
insert into PERA_DDH_TOOL_FILETYPE (TOOL_ID, FILETYPE_ID)
values (47874, 47867);
insert into PERA_DDH_TOOL_FILETYPE (TOOL_ID, FILETYPE_ID)
values (48173, 48175);
insert into PERA_DDH_TOOL_FILETYPE (TOOL_ID, FILETYPE_ID)
values (47880, 47871);
insert into PERA_DDH_TOOL_FILETYPE (TOOL_ID, FILETYPE_ID)
values (47876, 47868);
insert into PERA_DDH_TOOL_FILETYPE (TOOL_ID, FILETYPE_ID)
values (45122, 45121);
insert into PERA_DDH_TOOL_FILETYPE (TOOL_ID, FILETYPE_ID)
values (45379, 45382);
insert into PERA_DDH_TOOL_FILETYPE (TOOL_ID, FILETYPE_ID)
values (249231, 47866);
insert into PERA_DDH_TOOL_FILETYPE (TOOL_ID, FILETYPE_ID)
values (242631, 242552);
insert into PERA_DDH_TOOL_FILETYPE (TOOL_ID, FILETYPE_ID)
values (242656, 242576);
insert into PERA_DDH_TOOL_FILETYPE (TOOL_ID, FILETYPE_ID)
values (249591, 47869);
insert into PERA_DDH_TOOL_FILETYPE (TOOL_ID, FILETYPE_ID)
values (252687, 252679);
insert into PERA_DDH_TOOL_FILETYPE (TOOL_ID, FILETYPE_ID)
values (252698, 252697);
insert into PERA_DDH_TOOL_FILETYPE (TOOL_ID, FILETYPE_ID)
values (44943, 44946);
insert into PERA_DDH_TOOL_FILETYPE (TOOL_ID, FILETYPE_ID)
values (45436, 45439);
insert into PERA_DDH_TOOL_FILETYPE (TOOL_ID, FILETYPE_ID)
values (249194, 45505);
insert into PERA_DDH_TOOL_FILETYPE (TOOL_ID, FILETYPE_ID)
values (252702, 252701);
insert into PERA_DDH_TOOL_FILETYPE (TOOL_ID, FILETYPE_ID)
values (243894, 242565);
insert into PERA_DDH_TOOL_FILETYPE (TOOL_ID, FILETYPE_ID)
values (251981, 251994);
insert into PERA_DDH_TOOL_FILETYPE (TOOL_ID, FILETYPE_ID)
values (252710, 252709);
insert into PERA_DDH_TOOL_FILETYPE (TOOL_ID, FILETYPE_ID)
values (249213, 46330);
commit;
prompt 26 records loaded
prompt Enabling foreign key constraints for PERA_DDH_TOOL...
alter table PERA_DDH_TOOL enable constraint FK_TOOL_SCRIPT;
alter table PERA_DDH_TOOL enable constraint FK_TOOL_TOOLICON;
prompt Enabling foreign key constraints for PERA_DDH_CMDLINE_ITEM...
alter table PERA_DDH_CMDLINE_ITEM enable constraint FK_CMDLINE_ITEM_TOOL;
prompt Enabling foreign key constraints for PERA_DDH_DEPLOYMENTVAR...
alter table PERA_DDH_DEPLOYMENTVAR enable constraint FK_DEPLOYMENTVAR_TOOL;
prompt Enabling foreign key constraints for PERA_DDH_FILETYPEMETADATA...
alter table PERA_DDH_FILETYPEMETADATA enable constraint FK_FILETYPEMETADATA_FILETYPE;
prompt Enabling foreign key constraints for PERA_DDH_TOOL_FILETYPE...
alter table PERA_DDH_TOOL_FILETYPE enable constraint FK_TOOL_FILETYPE_F_FILETYPE;
alter table PERA_DDH_TOOL_FILETYPE enable constraint FK_TOOL_FILETYPE_F_TOOL;
set feedback on
set define on
prompt Done.
